{
  "LWR": {
    "pdens": 112.1,
    "hmDensity": 2.6530851539575178,
    "years": [
      0.0, 0.006844626967830253, 0.08213552361396305, 0.1642710472279261,
      0.24640657084188913, 0.3285420944558522, 0.41067761806981523,
      0.49281314168377827, 0.5749486652977412, 0.6570841889117044,
      0.7392197125256673, 0.8213552361396305, 0.9034907597535935,
      0.9856262833675565, 1.0677618069815196, 1.1498973305954825,
      1.2320328542094456, 1.3141683778234088, 1.3963039014373717
    ],
    "cycle": [
      {
        "enrich": 0.711,
        "kinfs": [
          0.89849, 0.868922, 0.888294, 0.89634, 0.894437, 0.888748, 0.881579,
          0.87394, 0.866321, 0.858979, 0.852041, 0.845566, 0.839569, 0.834036,
          0.828942, 0.824251, 0.819928, 0.815935, 0.812233
        ],
        "bucklings": [
          -0.00416833, -0.00540636, -0.00461588, -0.00429437, -0.00438419,
          -0.00463074, -0.00493867, -0.00526608, -0.00559254, -0.00590734,
          -0.00620511, -0.00648333, -0.00674137, -0.00697977, -0.00719953,
          -0.0074022, -0.00758919, -0.0077621, -0.00792255
        ],
        "migration_areas": [
          24.3527, 24.2452, 24.2003, 24.1387, 24.0781, 24.0246, 23.9783,
          23.9381, 23.903, 23.8721, 23.8447, 23.8201, 23.798, 23.7779, 23.7596,
          23.7429, 23.7275, 23.7133, 23.7003
        ]
      },
      {
        "enrich": 2.8542222222222224,
        "kinfs": [
          1.378496, 1.328144, 1.306756, 1.291962, 1.27624, 1.25995, 1.243383,
          1.226713, 1.210043, 1.193428, 1.176883, 1.160419, 1.144029, 1.127706,
          1.111448, 1.095254, 1.07913, 1.063085, 1.047137
        ],
        "bucklings": [
          0.0160591, 0.0140234, 0.0131358, 0.0125147, 0.0118531, 0.0111655,
          0.0104641, 0.00975621, 0.00904623, 0.00833671, 0.00762851, 0.00692232,
          0.006218, 0.00551547, 0.00481484, 0.00411623, 0.00342006, 0.00272684,
          0.00203756
        ],
        "migration_areas": [
          23.5689, 23.3998, 23.3527, 23.3295, 23.3053, 23.2814, 23.2588,
          23.2379, 23.2189, 23.202, 23.1871, 23.1742, 23.1632, 23.1541, 23.1467,
          23.1411, 23.1371, 23.1348, 23.1341
        ]
      },
      {
        "enrich": 4.9974444444444455,
        "kinfs": [
          1.496857, 1.446656, 1.426892, 1.415091, 1.403383, 1.391437, 1.379364,
          1.367241, 1.355126, 1.343045, 1.331026, 1.319067, 1.307169, 1.295326,
          1.283526, 1.271761, 1.260014, 1.248274, 1.236526
        ],
        "bucklings": [
          0.0215174, 0.0194634, 0.0186347, 0.0181326, 0.0176333, 0.0171229,
          0.0166059, 0.0160857, 0.0155645, 0.0150437, 0.0145243, 0.0140064,
          0.0134902, 0.0129753, 0.0124614, 0.0119482, 0.0114351, 0.0109215,
          0.010407
        ],
        "migration_areas": [
          23.0909, 22.9485, 22.9084, 22.8919, 22.8762, 22.8605, 22.8451,
          22.8303, 22.8164, 22.8033, 22.7912, 22.78, 22.7699, 22.7607, 22.7523,
          22.7449, 22.7384, 22.7326, 22.7277
        ]
      },
      {
        "enrich": 7.140666666666668,
        "kinfs": [
          1.550496, 1.504125, 1.48618, 1.47559, 1.465987, 1.456348, 1.446643,
          1.436923, 1.42722, 1.417562, 1.407963, 1.398433, 1.388974, 1.379583,
          1.370262, 1.361001, 1.351794, 1.342634, 1.33351
        ],
        "bucklings": [
          0.0242138, 0.0222889, 0.0215274, 0.0210717, 0.0206567, 0.0202396,
          0.019819, 0.019397, 0.018975, 0.0185543, 0.0181353, 0.0177186,
          0.0173042, 0.0168922, 0.0164825, 0.0160748, 0.015669, 0.0152646,
          0.0148614
        ],
        "migration_areas": [
          22.7348, 22.6178, 22.5842, 22.5701, 22.5586, 22.5473, 22.5361,
          22.5253, 22.5148, 22.5049, 22.4955, 22.4868, 22.4786, 22.471, 22.4639,
          22.4575, 22.4516, 22.4462, 22.4414
        ]
      },
      {
        "enrich": 9.28388888888889,
        "kinfs": [
          1.581357, 1.539521, 1.52327, 1.513164, 1.504679, 1.496419, 1.488164,
          1.479913, 1.471676, 1.463481, 1.455337, 1.447251, 1.439232, 1.43128,
          1.423391, 1.41557, 1.407809, 1.400102, 1.392452
        ],
        "bucklings": [
          0.0258995, 0.0241393, 0.0234415, 0.0230022, 0.0226312, 0.0222694,
          0.0219073, 0.0215449, 0.0211827, 0.0208218, 0.0204625, 0.0201053,
          0.0197506, 0.0193982, 0.0190482, 0.0187007, 0.0183554, 0.0180121,
          0.0176709
        ],
        "migration_areas": [
          22.4466, 22.3503, 22.3224, 22.3093, 22.3001, 22.2915, 22.2831, 22.275,
          22.2671, 22.2595, 22.2522, 22.2454, 22.239, 22.233, 22.2273, 22.2222,
          22.2174, 22.213, 22.2089
        ]
      },
      {
        "enrich": 11.427111111111113,
        "kinfs": [
          1.601743, 1.564305, 1.549574, 1.53976, 1.531881, 1.52449, 1.517211,
          1.509969, 1.502749, 1.495562, 1.488418, 1.481324, 1.474286, 1.467304,
          1.46038, 1.453516, 1.446709, 1.439958, 1.433257
        ],
        "bucklings": [
          0.0271036, 0.025509, 0.0248693, 0.0244386, 0.0240904, 0.0237629,
          0.0234399, 0.0231182, 0.0227971, 0.0224771, 0.0221586, 0.0218419,
          0.0215274, 0.0212149, 0.0209047, 0.0205969, 0.0202912, 0.0199876,
          0.0196861
        ],
        "migration_areas": [
          22.2016, 22.1218, 22.0985, 22.0864, 22.0785, 22.0718, 22.0654,
          22.0592, 22.0532, 22.0474, 22.0419, 22.0367, 22.0318, 22.0271,
          22.0228, 22.0187, 22.015, 22.0115, 22.0083
        ]
      },
      {
        "enrich": 13.570333333333336,
        "kinfs": [
          1.616537, 1.583111, 1.56972, 1.560184, 1.552658, 1.545821, 1.53922,
          1.532708, 1.52624, 1.519808, 1.513414, 1.507063, 1.500758, 1.494499,
          1.488291, 1.482133, 1.476025, 1.469966, 1.463954
        ],
        "bucklings": [
          0.0280408, 0.0266011, 0.0260134, 0.025591, 0.0252554, 0.0249493,
          0.0246533, 0.0243608, 0.0240701, 0.0237806, 0.0234926, 0.0232061,
          0.0229215, 0.0226386, 0.0223578, 0.0220789, 0.021802, 0.021527,
          0.0212539
        ],
        "migration_areas": [
          21.9872, 21.9206, 21.901, 21.8899, 21.8828, 21.8772, 21.8721, 21.8674,
          21.8628, 21.8585, 21.8543, 21.8504, 21.8467, 21.8431, 21.8399,
          21.8368, 21.834, 21.8315, 21.8291
        ]
      },
      {
        "enrich": 15.713555555555558,
        "kinfs": [
          1.628051, 1.598184, 1.585963, 1.576742, 1.569455, 1.562982, 1.556856,
          1.550883, 1.544988, 1.53914, 1.533334, 1.527567, 1.521839, 1.516153,
          1.510508, 1.504908, 1.499349, 1.493833, 1.488359
        ],
        "bucklings": [
          0.0288157, 0.027516, 0.0269743, 0.0265622, 0.0262344, 0.025942,
          0.0256645, 0.0253936, 0.0251259, 0.02486, 0.0245958, 0.0243332,
          0.024072, 0.0238126, 0.0235548, 0.0232987, 0.0230444, 0.0227917,
          0.0225408
        ],
        "migration_areas": [
          21.7954, 21.7395, 21.723, 21.7129, 21.7064, 21.7016, 21.6975, 21.6938,
          21.6903, 21.687, 21.6839, 21.681, 21.6782, 21.6757, 21.6733, 21.6711,
          21.669, 21.6672, 21.6656
        ]
      },
      {
        "enrich": 17.85677777777778,
        "kinfs": [
          1.637505, 1.610761, 1.599566, 1.59069, 1.5836, 1.577381, 1.571589,
          1.566016, 1.560559, 1.555173, 1.549837, 1.544543, 1.539286, 1.534067,
          1.528884, 1.523738, 1.51863, 1.513558, 1.508523
        ],
        "bucklings": [
          0.0294854, 0.0283104, 0.0278094, 0.0274093, 0.0270877, 0.0268042,
          0.0265395, 0.0262843, 0.026034, 0.0257868, 0.0255416, 0.0252981,
          0.0250561, 0.0248157, 0.0245767, 0.0243392, 0.0241033, 0.0238689,
          0.023636
        ],
        "migration_areas": [
          21.621, 21.5737, 21.5599, 21.5507, 21.5449, 21.5406, 21.5373, 21.5344,
          21.5318, 21.5294, 21.5271, 21.5251, 21.5231, 21.5214, 21.5198,
          21.5183, 21.517, 21.5158, 21.5147
        ]
      },
      {
        "enrich": 20.0,